patch,candidate,empirically_better,candidate_minus_matching,singles,pairs,detector_histogram
d3_at_q6_3,bayes,bayes,-1/25000,1/50000,1/25000,1/50000
d3_at_q6_3,empirical_table,matching,33/50000,33/100000,5219/12250000,33/100000
d3_at_q6_3,qml,matching,969/25000,969/50000,1427/50000,969/50000
d3_at_q6_7,bayes,bayes,-1/25000,1/50000,1/25000,1/50000
d3_at_q6_7,empirical_table,matching,41/50000,41/100000,112829/254979000,41/100000
d3_at_q6_7,qml,matching,239/5000,239/10000,1142521/38500000,239/10000
d3_at_q8_5,bayes,matching,1/50000,13/950000,17309/816850000,1/100000
d3_at_q8_5,empirical_table,matching,9/50000,9/100000,230571/1995040000,9/100000
d3_at_q8_5,qml,matching,231/6250,231/12500,85331/3600000,231/12500
d3_at_q8_9,bayes,matching,3/25000,1/12500,6333/49375000,3/50000
d3_at_q8_9,empirical_table,empirical_table,-7/12500,7/25000,6881/18618750,7/25000
d3_at_q8_9,qml,matching,1467/50000,1467/100000,261419/15150000,1467/100000
